{
  "n_days": 143,
  "total_expected_revenue": 171680619.23082244,
  "total_realized_revenue": 239465786.0868503,
  "total_net_revenue": 201765424.36354518,
  "avg_daily_realized": 1674585.9166912606,
  "avg_daily_net": 1410947.023521295,
  "std_daily_realized": 704284.9077539127,
  "min_daily_realized": 254876.24008288578
}