{
  "perfect_foresight": {
    "total_revenue": 243608270.2172,
    "mean_daily": 1703554.3372,
    "median_daily": 1612255.1377,
    "std_daily": 685123.45,
    "min_daily": 497630.1060,
    "max_daily": 4118171.3721,
    "negative_days": 0,
    "total_discharged": 33900.0,
    "avg_cycles": 1.185,
    "avg_charge_price": 2400.0,
    "avg_discharge_price": 8100.0,
    "capture_ratio": 1.0
  },
  "forecast_q50": {
    "total_revenue": 154562353.35158372,
    "mean_daily": 1073349.6760526646,
    "median_daily": 1135142.7277150252,
    "std_daily": 300551.8676668074,
    "min_daily": 172496.32913354645,
    "max_daily": 1773120.8561857073,
    "negative_days": 0,
    "total_discharged": 31311.71100079055,
    "avg_cycles": 1.0872121875274496,
    "avg_charge_price": 2314.3108120077313,
    "avg_discharge_price": 7971.258158498382,
    "capture_ratio": 0.9649409496443415
  },
  "naive_baseline": {
    "total_revenue": 153143425.08273193,
    "mean_daily": 1063496.0075189718,
    "median_daily": 1120604.734331043,
    "std_daily": 302482.8331513384,
    "min_daily": 167437.05178716104,
    "max_daily": 1729891.344778179,
    "negative_days": 0,
    "total_discharged": 31866.71100079055,
    "avg_cycles": 1.1064830208607828,
    "avg_charge_price": 2338.228445451368,
    "avg_discharge_price": 7891.730630415521,
    "capture_ratio": 0.9560825053884588
  }
}