{
  "days": 143,
  "hours_passed": 24,
  "mean_realized_rho": 0.022921900611237347,
  "mean_upper_concordance": 0.10948426573426573,
  "mean_lower_concordance": 0.11081002331002332,
  "rho_by_hour": [
    -0.02777389038267256,
    -0.07751094805448419,
    -0.006325832848898893,
    0.05928647065795642,
    0.12069029826073573,
    0.009213507988208266,
    0.0773417793668525,
    0.2115147602269279,
    0.15854027654491226,
    0.11804947776386417,
    0.07615010618928861,
    -0.04796110045124674,
    -0.12664077349538488,
    -0.0016937690917758561,
    -0.11873780867341252,
    -6.900256829200982e-05,
    0.007974973226686747,
    0.1380199813080287,
    0.17740089667087314,
    0.08496422361241113,
    -0.2390951078051636,
    -0.005388590046998261,
    -0.1436861757070499,
    0.10586186197833025
  ]
}