{
  "rho_by_hour": [
    -0.029723405766055484,
    -0.07452268480249641,
    -0.010567648585826017,
    0.0629332656464922,
    0.12339915073537967,
    0.007455198287196944,
    0.08290934794167112,
    0.2248375481797103,
    0.16270591349671681,
    0.11746550907638798,
    0.08600438712662328,
    -0.05204882939764432,
    -0.12720667533098806,
    0.005193682919656925,
    -0.12314909865812411,
    0.0009560080029256436,
    0.011267877869059856,
    0.15306498313961978,
    0.1865581166001116,
    0.0792078700305483,
    -0.25575383990135064,
    -0.012199482333963394,
    -0.14200480581861827,
    0.11661689097010182
  ],
  "rho_by_hour_raw": [
    -0.05698638402712171,
    -0.12098535407918017,
    -0.029621016626793888,
    0.075380289419375,
    0.16176012526064282,
    -0.003874092522475373,
    0.10391754984105918,
    0.3066721216096866,
    0.21791264349112446,
    0.1532834943192261,
    0.10833903439099084,
    -0.0888798463579629,
    -0.1962481976913111,
    -0.007104828761818257,
    -0.19045165958721974,
    -0.013158650071434373,
    0.0015725925944716451,
    0.2041398858381287,
    0.251987219353117,
    0.09862972425374086,
    -0.3798870042204005,
    -0.03195220769556157,
    -0.21738838410221137,
    0.1520711827388173
  ],
  "rho_global": 0.03389021017643235,
  "n_observations_by_hour": [
    123,
    123,
    123,
    123,
    123,
    123,
    123,
    123,
    123,
    123,
    123,
    123,
    123,
    123,
    123,
    123,
    123,
    123,
    123,
    123,
    123,
    123,
    123,
    123
  ],
  "n_common_dates": 123,
  "shrinkage_factor": 0.3,
  "dam_copula_correlation": [
    [
      1.0000000000000002,
      0.7288932595432405,
      0.6753689890608535,
      0.6020946851632694,
      0.5994172897874638,
      0.43277355982096866,
      0.1249107064704404,
      -0.05672815938930964,
      -0.07347861566085984,
      0.0050739750984179054,
      0.03145953704628199,
      0.06551779150450995,
      0.16273311908908072,
      0.27149112296117506,
      0.2591727182311133,
      0.27894843620181614,
      0.2120321872167148,
      0.09094652228793909,
      0.10157271382390169,
      0.2503721838343731,
      0.36050827396486823,
      0.3748807490909912,
      0.5151274250982525,
      0.5726222766730107
    ],
    [
      0.7288932595432405,
      1.0,
      0.8342449659384799,
      0.7655964285761611,
      0.7643575038207021,
      0.48212962925364955,
      0.06770905640704705,
      -0.12176211926779949,
      -0.1277626955387519,
      -0.17310203027610396,
      -0.0987032018138917,
      -0.08061469436126903,
      0.0819977177171917,
      0.2432404778764966,
      0.09406549344668644,
      0.1825608208691115,
      0.09740328915544214,
      -0.12934502038243784,
      -0.08460176850878909,
      0.032012994213089264,
      0.14316825818671236,
      0.22609340298016775,
      0.35634175328341505,
      0.4113353769507511
    ],
    [
      0.6753689890608535,
      0.83424496593848,
      1.0,
      0.8447622990196134,
      0.7659366640749679,
      0.4579478159770394,
      0.03400701646875339,
      -0.15734558284650108,
      -0.11075657360736636,
      -0.1507831253723821,
      -0.11521900466840576,
      -0.09198410180192121,
      0.08320245755934928,
      0.23520828289690138,
      0.08850054210733133,
      0.1534245551341276,
      0.0630568663874394,
      -0.15045400371927486,
      -0.07976598013923038,
      0.016863192351402403,
      0.10750605696963313,
      0.17275137644087238,
      0.299044173044495,
      0.3693545026739815
    ],
    [
      0.6020946851632694,
      0.7655964285761612,
      0.8447622990196134,
      1.0,
      0.824259509814272,
      0.44992458322960993,
      0.06888734280144782,
      -0.1263437488643118,
      -0.06103694484617406,
      -0.1743700610633247,
      -0.12046322136927662,
      -0.05594803838255776,
      0.08311772946042413,
      0.20768740901747806,
      0.0868210850615565,
      0.1757203914691718,
      0.07807032439730237,
      -0.18311341200222642,
      -0.08371655680714525,
      -0.020918282520621823,
      0.07975097277565898,
      0.14505526828170182,
      0.23564761005951254,
      0.3080599658710798
    ],
    [
      0.5994172897874638,
      0.7643575038207021,
      0.7659366640749679,
      0.8242595098142719,
      1.0000000000000002,
      0.5634511003325723,
      0.17556859394577795,
      -0.07088140538874782,
      -0.039204452842090676,
      -0.1529272827686498,
      -0.08991605055011663,
      -0.0244918909831473,
      0.08968481453353615,
      0.22302198205245397,
      0.119387956041112,
      0.2173969761397239,
      0.1434783793862914,
      -0.20538401208266688,
      -0.11532558908060168,
      -0.012246959030137361,
      0.10408878846988337,
      0.19227427030010283,
      0.24591819761904768,
      0.34255063420479825
    ],
    [
      0.43277355982096866,
      0.48212962925364955,
      0.4579478159770394,
      0.44992458322960993,
      0.5634511003325723,
      1.0000000000000002,
      0.5015080474274073,
      0.24654036013474762,
      0.21250471694211676,
      0.1325462918534252,
      0.09309254771650222,
      0.08973291423362562,
      0.17943626281634498,
      0.3048435117676297,
      0.19275251320566722,
      0.3071640102668111,
      0.31746600928650837,
      0.06980376936975317,
      -0.00804078915621195,
      0.2060297570034941,
      0.22052060724196978,
      0.33253505048235155,
      0.35432152205506934,
      0.3908539486941804
    ],
    [
      0.1249107064704404,
      0.06770905640704702,
      0.03400701646875339,
      0.0688873428014478,
      0.17556859394577792,
      0.5015080474274072,
      1.0,
      0.6561526566031172,
      0.4665676658944533,
      0.2461749486478407,
      0.19766256988178893,
      0.17963934083530209,
      0.21113399996522492,
      0.1638507094203993,
      0.22804610738354375,
      0.43187740164726685,
      0.5450654930151039,
      0.32443195114466805,
      0.17388288823357073,
      0.3634115221247272,
      0.38620768738079103,
      0.20443226175601195,
      0.21489093843648743,
      0.185033414751783
    ],
    [
      -0.05672815938930966,
      -0.12176211926779948,
      -0.15734558284650108,
      -0.1263437488643118,
      -0.07088140538874782,
      0.2465403601347476,
      0.6561526566031172,
      1.0,
      0.7018772175688791,
      0.31343418805670625,
      0.24311862768268616,
      0.24886447963385178,
      0.22369927430311468,
      0.11083680581676118,
      0.193721954261283,
      0.33116373445578157,
      0.4160575020688902,
      0.37890430303348444,
      0.20678826660661292,
      0.3550445867969891,
      0.2472404062772648,
      0.18845172175557262,
      0.12238848575034435,
      0.037606565548870555
    ],
    [
      -0.07347861566085984,
      -0.12776269553875189,
      -0.11075657360736633,
      -0.061036944846174036,
      -0.03920445284209067,
      0.21250471694211678,
      0.4665676658944533,
      0.7018772175688792,
      1.0,
      0.5208951184736134,
      0.4316303369055344,
      0.38593411887801016,
      0.34879121090853443,
      0.2300964966840309,
      0.239921161824393,
      0.3694250948955976,
      0.39917516772971773,
      0.36349264770427947,
      0.2715600040815854,
      0.34920498938047434,
      0.21692620279342936,
      0.14501474855862095,
      0.0839386654451296,
      0.025886764741874523
    ],
    [
      0.005073975098417883,
      -0.17310203027610396,
      -0.1507831253723821,
      -0.17437006106332473,
      -0.1529272827686498,
      0.13254629185342517,
      0.2461749486478407,
      0.31343418805670625,
      0.5208951184736134,
      1.0,
      0.680495349056555,
      0.6083018495650027,
      0.48889762419824634,
      0.39006063604511,
      0.4960023749973671,
      0.47089320205085905,
      0.4492026224615305,
      0.4674545610791114,
      0.42535410950633923,
      0.466966149635687,
      0.2512896022516178,
